territory_code,territory,in_bassin_nord,target_basin,mapping_method,mapping_note
1,Grand Place,TO_VALIDATE,TO_VALIDATE,TO_VALIDATE,
2,Dansaert,TO_VALIDATE,TO_VALIDATE,TO_VALIDATE,
3,Béguinage - Dixmude,TO_VALIDATE,TO_VALIDATE,TO_VALIDATE,
4,Martyrs,TO_VALIDATE,TO_VALIDATE,TO_VALIDATE,
5,Notre-Dame-aux-Neiges,TO_VALIDATE,TO_VALIDATE,TO_VALIDATE,
6,Quartier Royal,TO_VALIDATE,TO_VALIDATE,TO_VALIDATE,
7,Sablon,TO_VALIDATE,TO_VALIDATE,TO_VALIDATE,
8,Marolles,TO_VALIDATE,TO_VALIDATE,TO_VALIDATE,
9,Stalingrad,TO_VALIDATE,TO_VALIDATE,TO_VALIDATE,
10,Anneessens,TO_VALIDATE,TO_VALIDATE,TO_VALIDATE,
11,Cureghem Bara,TO_VALIDATE,TO_VALIDATE,TO_VALIDATE,
12,Cureghem Vétérinaire,TO_VALIDATE,TO_VALIDATE,TO_VALIDATE,
13,Cureghem Rosée,TO_VALIDATE,TO_VALIDATE,TO_VALIDATE,
14,Duchesse,TO_VALIDATE,TO_VALIDATE,TO_VALIDATE,
15,Gare de l'ouest,TO_VALIDATE,TO_VALIDATE,TO_VALIDATE,
16,Molenbeek Historique,TO_VALIDATE,TO_VALIDATE,TO_VALIDATE,
17,Koekelberg,TO_VALIDATE,TO_VALIDATE,TO_VALIDATE,
18,Quartier Maritime,TO_VALIDATE,TO_VALIDATE,TO_VALIDATE,
19,Vieux Laeken Ouest,TO_VALIDATE,TO_VALIDATE,TO_VALIDATE,
20,Vieux Laeken Est,TO_VALIDATE,TO_VALIDATE,TO_VALIDATE,
21,Quartier Nord,TO_VALIDATE,TO_VALIDATE,TO_VALIDATE,
22,Quartier Brabant,TO_VALIDATE,TO_VALIDATE,TO_VALIDATE,
23,Colignon,TO_VALIDATE,TO_VALIDATE,TO_VALIDATE,
24,Chaussée de Haecht,TO_VALIDATE,TO_VALIDATE,TO_VALIDATE,
25,Saint-Josse Centre,TO_VALIDATE,TO_VALIDATE,TO_VALIDATE,
26,Dailly,TO_VALIDATE,TO_VALIDATE,TO_VALIDATE,
27,Josaphat,TO_VALIDATE,TO_VALIDATE,TO_VALIDATE,
28,Plasky,TO_VALIDATE,TO_VALIDATE,TO_VALIDATE,
29,Squares,TO_VALIDATE,TO_VALIDATE,TO_VALIDATE,
30,Porte Tervueren,TO_VALIDATE,TO_VALIDATE,TO_VALIDATE,
31,Saint-Michel,TO_VALIDATE,TO_VALIDATE,TO_VALIDATE,
32,Saint-Pierre,TO_VALIDATE,TO_VALIDATE,TO_VALIDATE,
33,Chasse,TO_VALIDATE,TO_VALIDATE,TO_VALIDATE,
34,Jourdan,TO_VALIDATE,TO_VALIDATE,TO_VALIDATE,
35,Quartier Européen,TO_VALIDATE,TO_VALIDATE,TO_VALIDATE,
36,Matonge,TO_VALIDATE,TO_VALIDATE,TO_VALIDATE,
37,Flagey - Malibran,TO_VALIDATE,TO_VALIDATE,TO_VALIDATE,
38,Hôpital Etterbeek-Ixelles,TO_VALIDATE,TO_VALIDATE,TO_VALIDATE,
39,Etangs d'Ixelles,TO_VALIDATE,TO_VALIDATE,TO_VALIDATE,
40,Louise - Longue Haie,TO_VALIDATE,TO_VALIDATE,TO_VALIDATE,
41,Berckmans - Hôtel des Monnaies,TO_VALIDATE,TO_VALIDATE,TO_VALIDATE,
42,Châtelain,TO_VALIDATE,TO_VALIDATE,TO_VALIDATE,
43,Brugmann - Lepoutre,TO_VALIDATE,TO_VALIDATE,TO_VALIDATE,
44,Churchill,TO_VALIDATE,TO_VALIDATE,TO_VALIDATE,
45,Molière - Longchamp,TO_VALIDATE,TO_VALIDATE,TO_VALIDATE,
46,Altitude 100,TO_VALIDATE,TO_VALIDATE,TO_VALIDATE,
47,Haut Saint-Gilles,TO_VALIDATE,TO_VALIDATE,TO_VALIDATE,
48,Porte de Hal,TO_VALIDATE,TO_VALIDATE,TO_VALIDATE,
49,Bosnie,TO_VALIDATE,TO_VALIDATE,TO_VALIDATE,
50,Bas Forest,TO_VALIDATE,TO_VALIDATE,TO_VALIDATE,
51,Van Volxem - Van Haelen,TO_VALIDATE,TO_VALIDATE,TO_VALIDATE,
52,Veeweyde - Aurore,TO_VALIDATE,TO_VALIDATE,TO_VALIDATE,
53,Bizet - Roue- Ceria,TO_VALIDATE,TO_VALIDATE,TO_VALIDATE,
54,Vogelenzang - Erasme,TO_VALIDATE,TO_VALIDATE,TO_VALIDATE,
55,Neerpede,TO_VALIDATE,TO_VALIDATE,TO_VALIDATE,
56,Bon Air,TO_VALIDATE,TO_VALIDATE,TO_VALIDATE,
57,Scherdemael,TO_VALIDATE,TO_VALIDATE,TO_VALIDATE,
58,Anderlecht - Centre - Wayez,TO_VALIDATE,TO_VALIDATE,TO_VALIDATE,
59,Scheut,TO_VALIDATE,TO_VALIDATE,TO_VALIDATE,
60,Buffon,TO_VALIDATE,TO_VALIDATE,TO_VALIDATE,
61,Moortebeek - Peterbos,TO_VALIDATE,TO_VALIDATE,TO_VALIDATE,
62,Machtens,TO_VALIDATE,TO_VALIDATE,TO_VALIDATE,
63,Karreveld,TO_VALIDATE,TO_VALIDATE,TO_VALIDATE,
64,Hôpital Français,TO_VALIDATE,TO_VALIDATE,TO_VALIDATE,
65,Korenbeek,TO_VALIDATE,TO_VALIDATE,TO_VALIDATE,
66,Potaarde,TO_VALIDATE,TO_VALIDATE,TO_VALIDATE,
67,Berchem Sainte-Agathe Centre,TO_VALIDATE,TO_VALIDATE,TO_VALIDATE,
68,Villas de Ganshoren,TO_VALIDATE,TO_VALIDATE,TO_VALIDATE,
69,Ganshoren Centre,TO_VALIDATE,TO_VALIDATE,TO_VALIDATE,
70,Basilique,TO_VALIDATE,TO_VALIDATE,TO_VALIDATE,
71,Woeste,TO_VALIDATE,TO_VALIDATE,TO_VALIDATE,
72,Jette Centre,TO_VALIDATE,TO_VALIDATE,TO_VALIDATE,
73,Heymbosch - AZ-Jette,TO_VALIDATE,TO_VALIDATE,TO_VALIDATE,
74,Heysel,TO_VALIDATE,TO_VALIDATE,TO_VALIDATE,
75,Houba,TO_VALIDATE,TO_VALIDATE,TO_VALIDATE,
76,Mutsaard,TO_VALIDATE,TO_VALIDATE,TO_VALIDATE,
77,Heembeek,TO_VALIDATE,TO_VALIDATE,TO_VALIDATE,
78,Haren,TO_VALIDATE,TO_VALIDATE,TO_VALIDATE,
79,Paix,TO_VALIDATE,TO_VALIDATE,TO_VALIDATE,
80,Helmet,TO_VALIDATE,TO_VALIDATE,TO_VALIDATE,
81,Gare de Schaerbeek,TO_VALIDATE,TO_VALIDATE,TO_VALIDATE,
82,Terdelt,TO_VALIDATE,TO_VALIDATE,TO_VALIDATE,
83,Conscience,TO_VALIDATE,TO_VALIDATE,TO_VALIDATE,
84,Avenue Léopold III,TO_VALIDATE,TO_VALIDATE,TO_VALIDATE,
85,Gare Josaphat,TO_VALIDATE,TO_VALIDATE,TO_VALIDATE,
86,Paduwa,TO_VALIDATE,TO_VALIDATE,TO_VALIDATE,
87,Reyers,TO_VALIDATE,TO_VALIDATE,TO_VALIDATE,
88,Georges Henri,TO_VALIDATE,TO_VALIDATE,TO_VALIDATE,
89,Gribaumont,TO_VALIDATE,TO_VALIDATE,TO_VALIDATE,
90,Roodebeek - Constellations,TO_VALIDATE,TO_VALIDATE,TO_VALIDATE,
91,Val d'Or,TO_VALIDATE,TO_VALIDATE,TO_VALIDATE,
92,Kapelleveld,TO_VALIDATE,TO_VALIDATE,TO_VALIDATE,
93,Boulevard de la Woluwe,TO_VALIDATE,TO_VALIDATE,TO_VALIDATE,
94,Stockel,TO_VALIDATE,TO_VALIDATE,TO_VALIDATE,
95,Sainte-Alix - Joli Bois,TO_VALIDATE,TO_VALIDATE,TO_VALIDATE,
96,Saint-Paul,TO_VALIDATE,TO_VALIDATE,TO_VALIDATE,
97,Putdael,TO_VALIDATE,TO_VALIDATE,TO_VALIDATE,
98,Auderghem centre,TO_VALIDATE,TO_VALIDATE,TO_VALIDATE,
99,Chant d'Oiseau,TO_VALIDATE,TO_VALIDATE,TO_VALIDATE,
100,Chaussée de Wavre - Saint-Julien,TO_VALIDATE,TO_VALIDATE,TO_VALIDATE,
101,Trois Tilleuls,TO_VALIDATE,TO_VALIDATE,TO_VALIDATE,
102,Transvaal,TO_VALIDATE,TO_VALIDATE,TO_VALIDATE,
103,Boitsfort Centre,TO_VALIDATE,TO_VALIDATE,TO_VALIDATE,
104,Watermael Centre,TO_VALIDATE,TO_VALIDATE,TO_VALIDATE,
105,Dries,TO_VALIDATE,TO_VALIDATE,TO_VALIDATE,
106,Boondael,TO_VALIDATE,TO_VALIDATE,TO_VALIDATE,
107,Université,TO_VALIDATE,TO_VALIDATE,TO_VALIDATE,
108,Montjoie - Langeveld,TO_VALIDATE,TO_VALIDATE,TO_VALIDATE,
109,Observatoire,TO_VALIDATE,TO_VALIDATE,TO_VALIDATE,
110,Fort Jaco,TO_VALIDATE,TO_VALIDATE,TO_VALIDATE,
111,Vivier d'Oie,TO_VALIDATE,TO_VALIDATE,TO_VALIDATE,
112,Kriekenput - Homborch - Verrewinkel,TO_VALIDATE,TO_VALIDATE,TO_VALIDATE,
113,Saint-Job Kauwberg,TO_VALIDATE,TO_VALIDATE,TO_VALIDATE,
114,Dieweg,TO_VALIDATE,TO_VALIDATE,TO_VALIDATE,
115,Kalevoet - Moensberg,TO_VALIDATE,TO_VALIDATE,TO_VALIDATE,
116,Globe,TO_VALIDATE,TO_VALIDATE,TO_VALIDATE,
117,Vossegat - Roosendaal,TO_VALIDATE,TO_VALIDATE,TO_VALIDATE,
118,Saint-Denis - Neerstalle,TO_VALIDATE,TO_VALIDATE,TO_VALIDATE,
700,Cimetière de Bruxelles,TO_VALIDATE,TO_VALIDATE,TO_VALIDATE,
701,Cimetière d'Ixelles,TO_VALIDATE,TO_VALIDATE,TO_VALIDATE,
702,Cimetière de Saint-Gilles,TO_VALIDATE,TO_VALIDATE,TO_VALIDATE,
800,Industrie Nord,TO_VALIDATE,TO_VALIDATE,TO_VALIDATE,
801,Industrie OTAN,TO_VALIDATE,TO_VALIDATE,TO_VALIDATE,
802,Delta,TO_VALIDATE,TO_VALIDATE,TO_VALIDATE,
803,Industrie Sud,TO_VALIDATE,TO_VALIDATE,TO_VALIDATE,
804,Gare du Midi,TO_VALIDATE,TO_VALIDATE,TO_VALIDATE,
805,Industrie Birmingham,TO_VALIDATE,TO_VALIDATE,TO_VALIDATE,
900,Domaine Royal Laeken,TO_VALIDATE,TO_VALIDATE,TO_VALIDATE,
901,Parc Josaphat,TO_VALIDATE,TO_VALIDATE,TO_VALIDATE,
902,Botanique,TO_VALIDATE,TO_VALIDATE,TO_VALIDATE,
903,Cinquantenaire,TO_VALIDATE,TO_VALIDATE,TO_VALIDATE,
904,Parc Léopold,TO_VALIDATE,TO_VALIDATE,TO_VALIDATE,
905,Parc de la Woluwe,TO_VALIDATE,TO_VALIDATE,TO_VALIDATE,
906,Forêt de Soignes,TO_VALIDATE,TO_VALIDATE,TO_VALIDATE,
907,Bois de la Cambre,TO_VALIDATE,TO_VALIDATE,TO_VALIDATE,
908,Parc Wolvendael,TO_VALIDATE,TO_VALIDATE,TO_VALIDATE,
909,Parc Duden - Parc de Forest,TO_VALIDATE,TO_VALIDATE,TO_VALIDATE,
910,Parc des Etangs,TO_VALIDATE,TO_VALIDATE,TO_VALIDATE,
911,Parc Astrid,TO_VALIDATE,TO_VALIDATE,TO_VALIDATE,
912,Parc Forestier,TO_VALIDATE,TO_VALIDATE,TO_VALIDATE,
913,Parc Marie-José,TO_VALIDATE,TO_VALIDATE,TO_VALIDATE,
914,Scheutbos,TO_VALIDATE,TO_VALIDATE,TO_VALIDATE,
915,Parc Elisabeth,TO_VALIDATE,TO_VALIDATE,TO_VALIDATE,
916,Bois du Laarbeek - Poelbos,TO_VALIDATE,TO_VALIDATE,TO_VALIDATE,
917,Parc Baudouin - Dielegembos,TO_VALIDATE,TO_VALIDATE,TO_VALIDATE,
