territory_code,territory_urbis_fr,municipality_nis_codes,n_statistical_sectors,candidate_status
1,GRAND PLACE,21004,4,REVIEW_BRUSSELS_CITY
2,DANSAERT,21004,3,REVIEW_BRUSSELS_CITY
3,BEGUINAGE - DIXMUDE,21004,4,REVIEW_BRUSSELS_CITY
4,MARTYRS,21004,2,REVIEW_BRUSSELS_CITY
5,NOTRE-DAME AUX NEIGES,21004,2,REVIEW_BRUSSELS_CITY
6,QUARTIER ROYAL,21004,5,REVIEW_BRUSSELS_CITY
7,SABLON,21004,2,REVIEW_BRUSSELS_CITY
8,MAROLLES,21004,6,REVIEW_BRUSSELS_CITY
9,STALINGRAD,21004,2,REVIEW_BRUSSELS_CITY
10,ANNEESSENS,21004,2,REVIEW_BRUSSELS_CITY
11,CUREGHEM BARA,21001|21013,6,CERTAIN_NO
12,CUREGHEM VETERINAIRE,21001,6,CERTAIN_NO
13,CUREGHEM ROSEE,21001|21012,4,CERTAIN_NO
14,DUCHESSE,21012,3,CERTAIN_NO
15,GARE DE L'OUEST,21012,4,CERTAIN_NO
16,MOLENBEEK HISTORIQUE,21012,9,CERTAIN_NO
17,KOEKELBERG,21011,3,CERTAIN_YES
18,QUARTIER MARITIME,21004|21012,9,REVIEW_BRUSSELS_CITY_MIXED
19,VIEUX LAEKEN OUEST,21004,1,REVIEW_BRUSSELS_CITY
20,VIEUX LAEKEN EST,21004,6,REVIEW_BRUSSELS_CITY
21,QUARTIER NORD,21004|21014|21015,10,REVIEW_BRUSSELS_CITY_MIXED
22,QUARTIER BRABANT,21014|21015,8,CERTAIN_NO
23,COLIGNON,21015,6,CERTAIN_NO
24,CHAUSSEE DE HAECHT,21014|21015,4,CERTAIN_NO
25,SAINT-JOSSE CENTRE,21014,6,CERTAIN_NO
26,DAILLY,21015,6,CERTAIN_NO
27,JOSAPHAT,21015,4,CERTAIN_NO
28,PLASKY,21015,2,CERTAIN_NO
29,SQUARES,21004,4,REVIEW_BRUSSELS_CITY
30,PORTE TERVUEREN,21004|21005|21015|21018,6,REVIEW_BRUSSELS_CITY_MIXED
31,SAINT-MICHEL,21005|21019,3,CERTAIN_NO
32,SAINT-PIERRE,21005,5,CERTAIN_NO
33,CHASSE,21005,7,CERTAIN_NO
34,JOURDAN,21005|21009,3,CERTAIN_NO
35,QUARTIER EUROPEEN,21004|21009,10,REVIEW_BRUSSELS_CITY_MIXED
36,MATONGE,21009,4,CERTAIN_NO
37,FLAGEY - MALIBRAN,21009,6,CERTAIN_NO
38,HOPITAL ETTERBEEK - IXELLES,21009,7,CERTAIN_NO
39,ETANGS D'IXELLES,21004|21009,7,REVIEW_BRUSSELS_CITY_MIXED
40,LOUISE - LONGUE HAIE,21004|21009,4,REVIEW_BRUSSELS_CITY_MIXED
41,BERCKMANS - HOTEL DES MONNAIES,21013,4,CERTAIN_NO
42,CHATELAIN,21004|21009|21013,7,REVIEW_BRUSSELS_CITY_MIXED
43,BRUGMANN - LEPOUTRE,21004|21007|21009,8,REVIEW_BRUSSELS_CITY_MIXED
44,CHURCHILL,21016,4,CERTAIN_NO
45,MOLIERE - LONGCHAMP,21007|21016,3,CERTAIN_NO
46,ALTITUDE 100,21007|21016,4,CERTAIN_NO
47,HAUT SAINT-GILLES,21007|21013,7,CERTAIN_NO
48,PORTE DE HAL,21013,7,CERTAIN_NO
49,BOSNIE,21013,3,CERTAIN_NO
50,BAS FOREST,21007|21013,6,CERTAIN_NO
51,VAN VOLXEM - VAN HAELEN,21007,8,CERTAIN_NO
52,VEEWEYDE - AURORE,21001,8,CERTAIN_NO
53,BIZET - ROUE - CERIA,21001,11,CERTAIN_NO
54,VOGELENZANG - ERASME,21001,6,CERTAIN_NO
55,NEERPEDE,21001,5,CERTAIN_NO
56,BON AIR,21001,2,CERTAIN_NO
57,SCHERDEMAEL,21001,8,CERTAIN_NO
58,ANDERLECHT CENTRE - WAYEZ,21001,7,CERTAIN_NO
59,SCHEUT,21001,7,CERTAIN_NO
60,BUFFON,21001,3,CERTAIN_NO
61,MOORTEBEEK - PETERBOS,21001|21012,6,CERTAIN_NO
62,MACHTENS,21001|21012,11,CERTAIN_NO
63,KARREVELD,21012,7,CERTAIN_NO
64,HOPITAL FRANCAIS,21003|21011|21012,6,PARTIAL_MUNICIPAL_BOUNDARY
65,KORENBEEK,21003|21012,5,PARTIAL_MUNICIPAL_BOUNDARY
66,POTAARDE,21003,3,CERTAIN_YES
67,BERCHEM SAINTE-AGATHE CENTRE,21003,12,CERTAIN_YES
68,VILLAS DE GANSHOREN,21008,6,CERTAIN_YES
69,GANSHOREN CENTRE,21008,7,CERTAIN_YES
70,BASILIQUE,21008|21010|21011,4,CERTAIN_YES
71,WOESTE,21010,4,CERTAIN_YES
72,JETTE CENTRE,21008|21010,6,CERTAIN_YES
73,HEYMBOSCH - AZ-JETTE,21010,6,CERTAIN_YES
74,HEYSEL,21004|21010,7,REVIEW_BRUSSELS_CITY
75,HOUBA,21004|21010,4,REVIEW_BRUSSELS_CITY
76,MUTSAARD,21004,6,REVIEW_BRUSSELS_CITY
77,HEEMBEEK,21004,8,REVIEW_BRUSSELS_CITY
78,HAREN,21004,4,REVIEW_BRUSSELS_CITY
79,PAIX,21006,8,CERTAIN_NO
80,HELMET,21015,6,CERTAIN_NO
81,GARE DE SCHAERBEEK ,21015,3,CERTAIN_NO
82,TERDELT,21015,5,CERTAIN_NO
83,CONSCIENCE,21006,4,CERTAIN_NO
84,AVENUE LEOPOLD III,21006,9,CERTAIN_NO
85,GARE JOSAPHAT,21015,5,CERTAIN_NO
86,PADUWA,21006,10,CERTAIN_NO
87,REYERS,21015,3,CERTAIN_NO
88,GEORGES HENRI,21015|21018,6,CERTAIN_NO
89,GRIBAUMONT,21018|21019,10,CERTAIN_NO
90,ROODEBEEK - CONSTELLATIONS ,21018,10,CERTAIN_NO
91,VAL D'OR,21018,8,CERTAIN_NO
92,KAPELLEVELD,21018|21019,7,CERTAIN_NO
93,BOULEVARD DE LA WOLUWE,21018|21019,7,CERTAIN_NO
94,STOCKEL,21018|21019,6,CERTAIN_NO
95,SAINTE-ALIX  - JOLI BOIS,21019,3,CERTAIN_NO
96,SAINT-PAUL,21019,7,CERTAIN_NO
97,PUTDAAL,21002|21019,3,CERTAIN_NO
98,AUDERGHEM CENTRE ,21002,6,CERTAIN_NO
99,CHANT D'OISEAU,21002|21019,7,CERTAIN_NO
100,CHAUSSEE DE WAVRE - SAINT-JULIEN ,21002|21005,12,CERTAIN_NO
101,TROIS TILLEULS,21002|21017,5,CERTAIN_NO
102,TRANSVAAL,21002,6,CERTAIN_NO
103,BOITSFORT CENTRE ,21017,8,CERTAIN_NO
104,WATERMAEL CENTRE,21002|21017,13,CERTAIN_NO
105,DRIES,21004|21009|21017,11,REVIEW_BRUSSELS_CITY_MIXED
106,BOONDAEL,21004|21009|21017,11,REVIEW_BRUSSELS_CITY_MIXED
107,UNIVERSITE,21009,7,CERTAIN_NO
108,MONTJOIE - LANGEVELD,21016,4,CERTAIN_NO
109,OBSERVATOIRE,21016,6,CERTAIN_NO
110,FORT JACO,21004|21016,4,REVIEW_BRUSSELS_CITY_MIXED
111,VIVIER D'OIE,21016,1,CERTAIN_NO
112,KRIEKENPUT - HOMBORCH - VERREWINKEL,21016,4,CERTAIN_NO
113,SAINT-JOB KAUWBERG,21016,6,CERTAIN_NO
114,DIEWEG,21016,2,CERTAIN_NO
115,KALEVOET - MOENSBERG,21016,9,CERTAIN_NO
116,GLOBE,21016,7,CERTAIN_NO
117,VOSSEGAT - ROOSENDAAL,21007|21016,9,CERTAIN_NO
118,SAINT-DENIS - NEERSTALLE,21007,7,CERTAIN_NO
700,CIMETIERE DE BRUXELLES,21006,1,CERTAIN_NO
701,CIMETIERE D'IXELLES,21009,1,CERTAIN_NO
702,CIMETIERE SAINT-GILLES,21016,1,CERTAIN_NO
800,INDUSTRIE NORD,21004|21006,7,REVIEW_BRUSSELS_CITY_MIXED
801,INDUSTRIE OTAN,21004|21006,4,REVIEW_BRUSSELS_CITY_MIXED
802,DELTA,21002,2,CERTAIN_NO
803,INDUSTRIE SUD,21001|21007,5,CERTAIN_NO
804,GARE DU MIDI,21013,1,CERTAIN_NO
805,INDUSTRIE BIRMINGHAM,21001,1,CERTAIN_NO
900,DOMAINE ROYAL LAEKEN,21004,2,REVIEW_BRUSSELS_CITY
901,PARC JOSAPHAT,21015,1,CERTAIN_NO
902,BOTANIQUE,21014,1,CERTAIN_NO
903,CINQUANTENAIRE,21004|21005,2,REVIEW_BRUSSELS_CITY_MIXED
904,PARC LEOPOLD ,21004,1,REVIEW_BRUSSELS_CITY
905,PARC DE LA WOLUWE,21002|21019,4,CERTAIN_NO
906,FORET DE SOIGNES,21002|21016|21017|21019,9,CERTAIN_NO
907,BOIS DE LA CAMBRE,21004,1,REVIEW_BRUSSELS_CITY
908,PARC WOLVENDAEL,21016,1,CERTAIN_NO
909,PARC DUDEN - PARC DE FOREST,21007,2,CERTAIN_NO
910,PARC DES ETANGS,21001,1,CERTAIN_NO
911,PARC ASTRID,21001,1,CERTAIN_NO
912,PARC FORESTIER,21001,1,CERTAIN_NO
913,PARC MARIE-JOSE,21012,1,CERTAIN_NO
914,SCHEUTBOS ,21012,1,CERTAIN_NO
915,PARC ELISABETH,21008|21011,2,CERTAIN_YES
916,BOIS DU LAARBEEK - POELBOS ,21008|21010,2,CERTAIN_YES
917,PARC BAUDOUIN - DIELEGEMBOS,21010,3,CERTAIN_YES
